{
  "2. Open Login Page" : {
    "transaction" : "2. Open Login Page",
    "sampleCount" : 2,
    "errorCount" : 0,
    "errorPct" : 0.0,
    "meanResTime" : 182.0,
    "medianResTime" : 182.0,
    "minResTime" : 182.0,
    "maxResTime" : 182.0,
    "pct1ResTime" : 182.0,
    "pct2ResTime" : 182.0,
    "pct3ResTime" : 182.0,
    "throughput" : 10.989010989010989,
    "receivedKBytesPerSec" : 1160.2099072802198,
    "sentKBytesPerSec" : 26.39938186813187
  },
  "1. Open Home Page" : {
    "transaction" : "1. Open Home Page",
    "sampleCount" : 2,
    "errorCount" : 0,
    "errorPct" : 0.0,
    "meanResTime" : 3042.0,
    "medianResTime" : 3042.0,
    "minResTime" : 3042.0,
    "maxResTime" : 3042.0,
    "pct1ResTime" : 3042.0,
    "pct2ResTime" : 3042.0,
    "pct3ResTime" : 3042.0,
    "throughput" : 0.6447453255963894,
    "receivedKBytesPerSec" : 210.75868391360413,
    "sentKBytesPerSec" : 5.619484405222438
  },
  "3. Log into Account" : {
    "transaction" : "3. Log into Account",
    "sampleCount" : 2,
    "errorCount" : 0,
    "errorPct" : 0.0,
    "meanResTime" : 172.0,
    "medianResTime" : 172.0,
    "minResTime" : 172.0,
    "maxResTime" : 172.0,
    "pct1ResTime" : 172.0,
    "pct2ResTime" : 172.0,
    "pct3ResTime" : 172.0,
    "throughput" : 11.627906976744185,
    "receivedKBytesPerSec" : 2142.112554505814,
    "sentKBytesPerSec" : 293.1731468023256
  },
  "Total" : {
    "transaction" : "Total",
    "sampleCount" : 203,
    "errorCount" : 0,
    "errorPct" : 0.0,
    "meanResTime" : 138.43842364532023,
    "medianResTime" : 59.0,
    "minResTime" : 3.0,
    "maxResTime" : 3042.0,
    "pct1ResTime" : 252.19999999999948,
    "pct2ResTime" : 811.9999999999998,
    "pct3ResTime" : 1956.360000000002,
    "throughput" : 7.143862612612613,
    "receivedKBytesPerSec" : 2642.5270905365815,
    "sentKBytesPerSec" : 50.74110976210586
  },
  "4. Open Edit Post Page" : {
    "transaction" : "4. Open Edit Post Page",
    "sampleCount" : 200,
    "errorCount" : 0,
    "errorPct" : 0.0,
    "meanResTime" : 205.9899999999999,
    "medianResTime" : 71.5,
    "minResTime" : 58.0,
    "maxResTime" : 1966.0,
    "pct1ResTime" : 781.0000000000006,
    "pct2ResTime" : 995.6499999999999,
    "pct3ResTime" : 1963.5900000000022,
    "throughput" : 8.001600320064012,
    "receivedKBytesPerSec" : 5949.067547884577,
    "sentKBytesPerSec" : 97.19131326265253
  },
  "5. Post the Article" : {
    "transaction" : "5. Post the Article",
    "sampleCount" : 200,
    "errorCount" : 0,
    "errorPct" : 0.0,
    "meanResTime" : 41.07999999999998,
    "medianResTime" : 6.0,
    "minResTime" : 3.0,
    "maxResTime" : 1713.0,
    "pct1ResTime" : 39.50000000000003,
    "pct2ResTime" : 56.94999999999999,
    "pct3ResTime" : 1702.9100000000092,
    "throughput" : 8.404067568703253,
    "receivedKBytesPerSec" : 10.495892511975796,
    "sentKBytesPerSec" : 16.041674326624086
  }
}