{
  "Large calendar" : {
    "transaction" : "Large calendar",
    "sampleCount" : 8290,
    "errorCount" : 0,
    "errorPct" : 0.0,
    "meanResTime" : 145.3302774427022,
    "medianResTime" : 16.0,
    "minResTime" : 3.0,
    "maxResTime" : 5446.0,
    "pct1ResTime" : 330.0,
    "pct2ResTime" : 717.8999999999996,
    "pct3ResTime" : 2215.4500000000007,
    "throughput" : 3.0788028693402856,
    "receivedKBytesPerSec" : 65.49371377230415,
    "sentKBytesPerSec" : 0.6433049094185742
  },
  "Random Date" : {
    "transaction" : "Random Date",
    "sampleCount" : 8239,
    "errorCount" : 0,
    "errorPct" : 0.0,
    "meanResTime" : 138.7903871829107,
    "medianResTime" : 15.0,
    "minResTime" : 3.0,
    "maxResTime" : 5445.0,
    "pct1ResTime" : 322.0,
    "pct2ResTime" : 681.0,
    "pct3ResTime" : 2050.0000000000036,
    "throughput" : 3.0689186224395724,
    "receivedKBytesPerSec" : 80.08237440490579,
    "sentKBytesPerSec" : 0.6322453917797382
  },
  "Open Post" : {
    "transaction" : "Open Post",
    "sampleCount" : 24511,
    "errorCount" : 0,
    "errorPct" : 0.0,
    "meanResTime" : 158.42356493003138,
    "medianResTime" : 34.0,
    "minResTime" : 3.0,
    "maxResTime" : 5472.0,
    "pct1ResTime" : 459.0,
    "pct2ResTime" : 934.9500000000007,
    "pct3ResTime" : 2665.9600000000064,
    "throughput" : 9.135352371311765,
    "receivedKBytesPerSec" : 244.80831108735796,
    "sentKBytesPerSec" : 2.0507261815002313
  },
  "Searh by name" : {
    "transaction" : "Searh by name",
    "sampleCount" : 8224,
    "errorCount" : 0,
    "errorPct" : 0.0,
    "meanResTime" : 154.21230544747078,
    "medianResTime" : 14.0,
    "minResTime" : 3.0,
    "maxResTime" : 5245.0,
    "pct1ResTime" : 362.0,
    "pct2ResTime" : 750.5,
    "pct3ResTime" : 2374.5,
    "throughput" : 3.062705012051208,
    "receivedKBytesPerSec" : 57.32103667574356,
    "sentKBytesPerSec" : 0.6126318502374862
  },
  "-160" : {
    "transaction" : "-160",
    "sampleCount" : 12314,
    "errorCount" : 0,
    "errorPct" : 0.0,
    "meanResTime" : 254.0799090466137,
    "medianResTime" : 60.0,
    "minResTime" : 4.0,
    "maxResTime" : 10197.0,
    "pct1ResTime" : 581.5,
    "pct2ResTime" : 972.0,
    "pct3ResTime" : 3372.80000000001,
    "throughput" : 4.594289261884189,
    "receivedKBytesPerSec" : 10.79828944316162,
    "sentKBytesPerSec" : 10.516980342614811
  },
  "Post Comment" : {
    "transaction" : "Post Comment",
    "sampleCount" : 12314,
    "errorCount" : 0,
    "errorPct" : 0.0,
    "meanResTime" : 254.0799090466137,
    "medianResTime" : 60.0,
    "minResTime" : 4.0,
    "maxResTime" : 10197.0,
    "pct1ResTime" : 581.5,
    "pct2ResTime" : 972.0,
    "pct3ResTime" : 3372.80000000001,
    "throughput" : 4.594287547779434,
    "receivedKBytesPerSec" : 10.798285414377576,
    "sentKBytesPerSec" : 10.51697641878569
  },
  "Open Contacts" : {
    "transaction" : "Open Contacts",
    "sampleCount" : 5372,
    "errorCount" : 0,
    "errorPct" : 0.0,
    "meanResTime" : 149.95271779597923,
    "medianResTime" : 15.0,
    "minResTime" : 3.0,
    "maxResTime" : 5225.0,
    "pct1ResTime" : 351.0,
    "pct2ResTime" : 739.0499999999984,
    "pct3ResTime" : 2307.0,
    "throughput" : 1.9912477027629119,
    "receivedKBytesPerSec" : 38.43623444615736,
    "sentKBytesPerSec" : 0.38841385717690596
  },
  "Predefined Date" : {
    "transaction" : "Predefined Date",
    "sampleCount" : 8234,
    "errorCount" : 0,
    "errorPct" : 0.0,
    "meanResTime" : 151.56072382803018,
    "medianResTime" : 15.0,
    "minResTime" : 3.0,
    "maxResTime" : 5192.0,
    "pct1ResTime" : 347.0,
    "pct2ResTime" : 749.25,
    "pct3ResTime" : 2443.7999999999956,
    "throughput" : 3.0639895272138387,
    "receivedKBytesPerSec" : 65.1367070487481,
    "sentKBytesPerSec" : 0.6307214615739841
  },
  "-111" : {
    "transaction" : "-111",
    "sampleCount" : 8799,
    "errorCount" : 0,
    "errorPct" : 0.0,
    "meanResTime" : 148.20979656779218,
    "medianResTime" : 16.0,
    "minResTime" : 4.0,
    "maxResTime" : 5253.0,
    "pct1ResTime" : 338.0,
    "pct2ResTime" : 742.0,
    "pct3ResTime" : 2243.0,
    "throughput" : 3.2579959566637293,
    "receivedKBytesPerSec" : 103.78310522069879,
    "sentKBytesPerSec" : 0.6088833234132127
  },
  "-124" : {
    "transaction" : "-124",
    "sampleCount" : 8224,
    "errorCount" : 0,
    "errorPct" : 0.0,
    "meanResTime" : 154.21230544747078,
    "medianResTime" : 14.0,
    "minResTime" : 3.0,
    "maxResTime" : 5245.0,
    "pct1ResTime" : 362.0,
    "pct2ResTime" : 750.5,
    "pct3ResTime" : 2374.5,
    "throughput" : 3.062705012051208,
    "receivedKBytesPerSec" : 57.32103667574356,
    "sentKBytesPerSec" : 0.6126318502374862
  },
  "Total" : {
    "transaction" : "Total",
    "sampleCount" : 84033,
    "errorCount" : 0,
    "errorPct" : 0.0,
    "meanResTime" : 167.0860971285099,
    "medianResTime" : 210.0,
    "minResTime" : 3.0,
    "maxResTime" : 10197.0,
    "pct1ResTime" : 1123.0,
    "pct2ResTime" : 1648.9500000000007,
    "pct3ResTime" : 3375.970000000005,
    "throughput" : 31.112305749406598,
    "receivedKBytesPerSec" : 663.1832677298501,
    "sentKBytesPerSec" : 15.984540893167681
  },
  "-120" : {
    "transaction" : "-120",
    "sampleCount" : 16473,
    "errorCount" : 0,
    "errorPct" : 0.0,
    "meanResTime" : 145.1734353184002,
    "medianResTime" : 15.0,
    "minResTime" : 3.0,
    "maxResTime" : 5445.0,
    "pct1ResTime" : 335.0,
    "pct2ResTime" : 723.0,
    "pct3ResTime" : 2288.300000000001,
    "throughput" : 6.129700488240151,
    "receivedKBytesPerSec" : 145.13571495799667,
    "sentKBytesPerSec" : 1.26230603631121
  },
  "Home Page" : {
    "transaction" : "Home Page",
    "sampleCount" : 8799,
    "errorCount" : 0,
    "errorPct" : 0.0,
    "meanResTime" : 148.20979656779218,
    "medianResTime" : 16.0,
    "minResTime" : 4.0,
    "maxResTime" : 5253.0,
    "pct1ResTime" : 338.0,
    "pct2ResTime" : 742.0,
    "pct3ResTime" : 2243.0,
    "throughput" : 3.2578849776661416,
    "receivedKBytesPerSec" : 103.77956999685652,
    "sentKBytesPerSec" : 0.6088625826689702
  },
  "-137" : {
    "transaction" : "-137",
    "sampleCount" : 5372,
    "errorCount" : 0,
    "errorPct" : 0.0,
    "meanResTime" : 149.95271779597923,
    "medianResTime" : 15.0,
    "minResTime" : 3.0,
    "maxResTime" : 5225.0,
    "pct1ResTime" : 351.0,
    "pct2ResTime" : 739.0499999999984,
    "pct3ResTime" : 2307.0,
    "throughput" : 1.9912484408621083,
    "receivedKBytesPerSec" : 38.43624869338222,
    "sentKBytesPerSec" : 0.3884140011509357
  },
  "-148" : {
    "transaction" : "-148",
    "sampleCount" : 24511,
    "errorCount" : 0,
    "errorPct" : 0.0,
    "meanResTime" : 158.42356493003138,
    "medianResTime" : 34.0,
    "minResTime" : 3.0,
    "maxResTime" : 5472.0,
    "pct1ResTime" : 459.0,
    "pct2ResTime" : 934.9500000000007,
    "pct3ResTime" : 2665.9600000000064,
    "throughput" : 9.135352371311765,
    "receivedKBytesPerSec" : 244.80831108735796,
    "sentKBytesPerSec" : 2.0507261815002313
  },
  "-128" : {
    "transaction" : "-128",
    "sampleCount" : 8290,
    "errorCount" : 0,
    "errorPct" : 0.0,
    "meanResTime" : 145.33015681544046,
    "medianResTime" : 16.0,
    "minResTime" : 3.0,
    "maxResTime" : 5446.0,
    "pct1ResTime" : 330.0,
    "pct2ResTime" : 717.8999999999996,
    "pct3ResTime" : 2215.4500000000007,
    "throughput" : 3.0788028693402856,
    "receivedKBytesPerSec" : 65.49371377230415,
    "sentKBytesPerSec" : 0.6433049094185742
  }
}