{
  "Add User" : {
    "transaction" : "Add User",
    "sampleCount" : 1887,
    "errorCount" : 50,
    "errorPct" : 2.6497085,
    "meanResTime" : 51.21091679915207,
    "medianResTime" : 18.0,
    "minResTime" : 0.0,
    "maxResTime" : 3666.0,
    "pct1ResTime" : 111.0,
    "pct2ResTime" : 160.79999999999973,
    "pct3ResTime" : 471.9599999999991,
    "throughput" : 0.5288751243711375,
    "receivedKBytesPerSec" : 0.2500215678821172,
    "sentKBytesPerSec" : 0.7732655043512382
  },
  "Open Home Page" : {
    "transaction" : "Open Home Page",
    "sampleCount" : 18474,
    "errorCount" : 0,
    "errorPct" : 0.0,
    "meanResTime" : 40.65519107935495,
    "medianResTime" : 23.0,
    "minResTime" : 0.0,
    "maxResTime" : 8589.0,
    "pct1ResTime" : 70.0,
    "pct2ResTime" : 103.0,
    "pct3ResTime" : 235.0,
    "throughput" : 5.131933242087853,
    "receivedKBytesPerSec" : 170.52853520186326,
    "sentKBytesPerSec" : 2.2195817120396253
  },
  "Open Post" : {
    "transaction" : "Open Post",
    "sampleCount" : 9763,
    "errorCount" : 46,
    "errorPct" : 0.47116664,
    "meanResTime" : 47.73676124142167,
    "medianResTime" : 33.0,
    "minResTime" : 0.0,
    "maxResTime" : 1589.0,
    "pct1ResTime" : 85.0,
    "pct2ResTime" : 120.0,
    "pct3ResTime" : 284.72000000000116,
    "throughput" : 2.7469381473262584,
    "receivedKBytesPerSec" : 121.24223774731377,
    "sentKBytesPerSec" : 2.7907325423084184
  },
  "Open Login Page" : {
    "transaction" : "Open Login Page",
    "sampleCount" : 7131,
    "errorCount" : 0,
    "errorPct" : 0.0,
    "meanResTime" : 26.25606506801294,
    "medianResTime" : 9.0,
    "minResTime" : 0.0,
    "maxResTime" : 6788.0,
    "pct1ResTime" : 52.0,
    "pct2ResTime" : 85.0,
    "pct3ResTime" : 224.0,
    "throughput" : 1.9873141857056067,
    "receivedKBytesPerSec" : 8.826636203898268,
    "sentKBytesPerSec" : 0.894418534331403
  },
  "Delete User" : {
    "transaction" : "Delete User",
    "sampleCount" : 5223,
    "errorCount" : 0,
    "errorPct" : 0.0,
    "meanResTime" : 66.57553130384856,
    "medianResTime" : 12.0,
    "minResTime" : 0.0,
    "maxResTime" : 16423.0,
    "pct1ResTime" : 76.0,
    "pct2ResTime" : 125.0,
    "pct3ResTime" : 409.4000000000033,
    "throughput" : 1.468921055969464,
    "receivedKBytesPerSec" : 0.2610277796370924,
    "sentKBytesPerSec" : 2.52785499646199
  },
  "Edit Post" : {
    "transaction" : "Edit Post",
    "sampleCount" : 7074,
    "errorCount" : 0,
    "errorPct" : 0.0,
    "meanResTime" : 21.993214588634448,
    "medianResTime" : 9.0,
    "minResTime" : 1.0,
    "maxResTime" : 1024.0,
    "pct1ResTime" : 49.0,
    "pct2ResTime" : 74.0,
    "pct3ResTime" : 207.5,
    "throughput" : 1.9924947673775035,
    "receivedKBytesPerSec" : 0.354134812170611,
    "sentKBytesPerSec" : 3.721992997186453
  },
  "Searh by name" : {
    "transaction" : "Searh by name",
    "sampleCount" : 1298,
    "errorCount" : 0,
    "errorPct" : 0.0,
    "meanResTime" : 37.197226502311224,
    "medianResTime" : 25.0,
    "minResTime" : 8.0,
    "maxResTime" : 1112.0,
    "pct1ResTime" : 64.0,
    "pct2ResTime" : 91.04999999999995,
    "pct3ResTime" : 236.0999999999999,
    "throughput" : 0.3665855829063797,
    "receivedKBytesPerSec" : 10.638141778951153,
    "sentKBytesPerSec" : 0.16254846120900376
  },
  "Open Users' Tab " : {
    "transaction" : "Open Users' Tab ",
    "sampleCount" : 7114,
    "errorCount" : 8,
    "errorPct" : 0.11245432,
    "meanResTime" : 34.073095305032226,
    "medianResTime" : 13.0,
    "minResTime" : 0.0,
    "maxResTime" : 2609.0,
    "pct1ResTime" : 68.0,
    "pct2ResTime" : 105.0,
    "pct3ResTime" : 298.0,
    "throughput" : 1.991706728043561,
    "receivedKBytesPerSec" : 18.354240721653525,
    "sentKBytesPerSec" : 2.467295958198796
  },
  "Log out" : {
    "transaction" : "Log out",
    "sampleCount" : 14177,
    "errorCount" : 0,
    "errorPct" : 0.0,
    "meanResTime" : 54.917542498412715,
    "medianResTime" : 32.0,
    "minResTime" : 0.0,
    "maxResTime" : 1513.0,
    "pct1ResTime" : 108.0,
    "pct2ResTime" : 161.0,
    "pct3ResTime" : 420.0,
    "throughput" : 3.9780281079940494,
    "receivedKBytesPerSec" : 134.16010915130255,
    "sentKBytesPerSec" : 6.5167986114150915
  },
  "Open Predefined Date" : {
    "transaction" : "Open Predefined Date",
    "sampleCount" : 8386,
    "errorCount" : 0,
    "errorPct" : 0.0,
    "meanResTime" : 36.50787025995693,
    "medianResTime" : 24.0,
    "minResTime" : 0.0,
    "maxResTime" : 1325.0,
    "pct1ResTime" : 72.0,
    "pct2ResTime" : 100.0,
    "pct3ResTime" : 222.7799999999952,
    "throughput" : 2.358025017672534,
    "receivedKBytesPerSec" : 87.49421932300416,
    "sentKBytesPerSec" : 2.553080715855736
  },
  "Post Comment" : {
    "transaction" : "Post Comment",
    "sampleCount" : 537,
    "errorCount" : 7,
    "errorPct" : 1.3035382,
    "meanResTime" : 53.88081936685285,
    "medianResTime" : 36.0,
    "minResTime" : 8.0,
    "maxResTime" : 1542.0,
    "pct1ResTime" : 99.59999999999997,
    "pct2ResTime" : 144.09999999999997,
    "pct3ResTime" : 327.96000000000026,
    "throughput" : 0.15185891430208384,
    "receivedKBytesPerSec" : 0.36242049190764486,
    "sentKBytesPerSec" : 0.3392050957326231
  },
  "Open Contacts" : {
    "transaction" : "Open Contacts",
    "sampleCount" : 216,
    "errorCount" : 0,
    "errorPct" : 0.0,
    "meanResTime" : 38.24999999999998,
    "medianResTime" : 21.0,
    "minResTime" : 6.0,
    "maxResTime" : 1564.0,
    "pct1ResTime" : 60.30000000000001,
    "pct2ResTime" : 106.24999999999966,
    "pct3ResTime" : 264.8799999999994,
    "throughput" : 0.06112286091210024,
    "receivedKBytesPerSec" : 1.317523959595525,
    "sentKBytesPerSec" : 0.02688384512881926
  },
  "Open Large calendar" : {
    "transaction" : "Open Large calendar",
    "sampleCount" : 433,
    "errorCount" : 0,
    "errorPct" : 0.0,
    "meanResTime" : 33.193995381062344,
    "medianResTime" : 22.0,
    "minResTime" : 7.0,
    "maxResTime" : 361.0,
    "pct1ResTime" : 64.60000000000002,
    "pct2ResTime" : 91.29999999999995,
    "pct3ResTime" : 218.71999999999866,
    "throughput" : 0.12215981946302155,
    "receivedKBytesPerSec" : 2.5599878572822066,
    "sentKBytesPerSec" : 0.05519993249470947
  },
  "Total" : {
    "transaction" : "Total",
    "sampleCount" : 57329,
    "errorCount" : 82,
    "errorPct" : 0.14303407,
    "meanResTime" : 44.34024664654927,
    "medianResTime" : 23.0,
    "minResTime" : 0.0,
    "maxResTime" : 16423.0,
    "pct1ResTime" : 72.0,
    "pct2ResTime" : 103.0,
    "pct3ResTime" : 240.0,
    "throughput" : 15.931586080558596,
    "receivedKBytesPerSec" : 418.6190700558595,
    "sentKBytesPerSec" : 18.972208147871484
  },
  "Open Random Date" : {
    "transaction" : "Open Random Date",
    "sampleCount" : 432,
    "errorCount" : 0,
    "errorPct" : 0.0,
    "meanResTime" : 33.12037037037036,
    "medianResTime" : 22.0,
    "minResTime" : 7.0,
    "maxResTime" : 1117.0,
    "pct1ResTime" : 61.69999999999999,
    "pct2ResTime" : 82.0,
    "pct3ResTime" : 205.15000000000072,
    "throughput" : 0.1223731554088085,
    "receivedKBytesPerSec" : 3.4376574810789005,
    "sentKBytesPerSec" : 0.055128889632161025
  },
  "Log into Account" : {
    "transaction" : "Log into Account",
    "sampleCount" : 14221,
    "errorCount" : 0,
    "errorPct" : 0.0,
    "meanResTime" : 66.40123760635659,
    "medianResTime" : 40.0,
    "minResTime" : 0.0,
    "maxResTime" : 8836.0,
    "pct1ResTime" : 116.0,
    "pct2ResTime" : 176.0,
    "pct3ResTime" : 484.78000000000065,
    "throughput" : 3.964740269226523,
    "receivedKBytesPerSec" : 177.63433396576764,
    "sentKBytesPerSec" : 9.11378815114607
  },