{
  "Large calendar" : {
    "transaction" : "Large calendar",
    "sampleCount" : 10464,
    "errorCount" : 0,
    "errorPct" : 0.0,
    "meanResTime" : 170.51385703363948,
    "medianResTime" : 23.0,
    "minResTime" : 3.0,
    "maxResTime" : 3341.0,
    "pct1ResTime" : 558.5,
    "pct2ResTime" : 903.0,
    "pct3ResTime" : 1717.0,
    "throughput" : 3.890775693657931,
    "receivedKBytesPerSec" : 82.81956815884953,
    "sentKBytesPerSec" : 1.9338576440040631
  },
  "Random Date" : {
    "transaction" : "Random Date",
    "sampleCount" : 10336,
    "errorCount" : 0,
    "errorPct" : 0.0,
    "meanResTime" : 171.0168343653251,
    "medianResTime" : 23.0,
    "minResTime" : 3.0,
    "maxResTime" : 3366.0,
    "pct1ResTime" : 562.0,
    "pct2ResTime" : 899.0,
    "pct3ResTime" : 1697.6299999999992,
    "throughput" : 3.8499416698079054,
    "receivedKBytesPerSec" : 97.25855277557757,
    "sentKBytesPerSec" : 1.9024122191835189
  },
  "Open Post" : {
    "transaction" : "Open Post",
    "sampleCount" : 53061,
    "errorCount" : 0,
    "errorPct" : 0.0,
    "meanResTime" : 175.70343566838253,
    "medianResTime" : 173.0,
    "minResTime" : 3.0,
    "maxResTime" : 3360.0,
    "pct1ResTime" : 910.0,
    "pct2ResTime" : 1223.9500000000007,
    "pct3ResTime" : 1765.0,
    "throughput" : 19.70002030853378,
    "receivedKBytesPerSec" : 521.6427497153742,
    "sentKBytesPerSec" : 9.981378516680657
  },
  "Searh by name" : {
    "transaction" : "Searh by name",
    "sampleCount" : 21639,
    "errorCount" : 0,
    "errorPct" : 0.0,
    "meanResTime" : 169.26096400018488,
    "medianResTime" : 29.0,
    "minResTime" : 3.0,
    "maxResTime" : 3304.0,
    "pct1ResTime" : 592.9000000000015,
    "pct2ResTime" : 924.9500000000007,
    "pct3ResTime" : 1722.9100000000144,
    "throughput" : 8.047726263503066,
    "receivedKBytesPerSec" : 157.82660041373882,
    "sentKBytesPerSec" : 3.9293533577193687
  },
  "-160" : {
    "transaction" : "-160",
    "sampleCount" : 10608,
    "errorCount" : 0,
    "errorPct" : 0.0,
    "meanResTime" : 253.55354449472054,
    "medianResTime" : 63.0,
    "minResTime" : 4.0,
    "maxResTime" : 19347.0,
    "pct1ResTime" : 629.0,
    "pct2ResTime" : 979.5499999999993,
    "pct3ResTime" : 2427.369999999999,
    "throughput" : 3.964295924525904,
    "receivedKBytesPerSec" : 9.43939786801843,
    "sentKBytesPerSec" : 9.163375723709164
  },
  "Post Comment" : {
    "transaction" : "Post Comment",
    "sampleCount" : 10608,
    "errorCount" : 0,
    "errorPct" : 0.0,
    "meanResTime" : 253.55354449472054,
    "medianResTime" : 63.0,
    "minResTime" : 4.0,
    "maxResTime" : 19347.0,
    "pct1ResTime" : 629.0,
    "pct2ResTime" : 979.5499999999993,
    "pct3ResTime" : 2427.369999999999,
    "throughput" : 3.9642944430368114,
    "receivedKBytesPerSec" : 9.439394340439952,
    "sentKBytesPerSec" : 9.163372299282369
  },
  "Open Contacts" : {
    "transaction" : "Open Contacts",
    "sampleCount" : 2907,
    "errorCount" : 0,
    "errorPct" : 0.0,
    "meanResTime" : 173.53009975920207,
    "medianResTime" : 22.0,
    "minResTime" : 3.0,
    "maxResTime" : 3158.0,
    "pct1ResTime" : 585.2000000000003,
    "pct2ResTime" : 951.1999999999998,
    "pct3ResTime" : 1732.6000000000022,
    "throughput" : 1.1022352587883073,
    "receivedKBytesPerSec" : 23.837997680120864,
    "sentKBytesPerSec" : 0.532728453732092
  },
  "Predefined Date" : {
    "transaction" : "Predefined Date",
    "sampleCount" : 21661,
    "errorCount" : 0,
    "errorPct" : 0.0,
    "meanResTime" : 170.85069941369352,
    "medianResTime" : 30.0,
    "minResTime" : 3.0,
    "maxResTime" : 3362.0,
    "pct1ResTime" : 588.0,
    "pct2ResTime" : 928.9500000000007,
    "pct3ResTime" : 1771.0,
    "throughput" : 8.027322766860026,
    "receivedKBytesPerSec" : 212.8222032437679,
    "sentKBytesPerSec" : 3.9665976987504488
  },
  "-111" : {
    "transaction" : "-111",
    "sampleCount" : 14627,
    "errorCount" : 0,
    "errorPct" : 0.0,
    "meanResTime" : 170.6944007657076,
    "medianResTime" : 24.0,
    "minResTime" : 4.0,
    "maxResTime" : 3340.0,
    "pct1ResTime" : 547.2000000000007,
    "pct2ResTime" : 879.0,
    "pct3ResTime" : 1769.0,
    "throughput" : 5.414122839551413,
    "receivedKBytesPerSec" : 172.31033196342366,
    "sentKBytesPerSec" : 2.5723207521464757
  },
  "-124" : {
    "transaction" : "-124",
    "sampleCount" : 21639,
    "errorCount" : 0,
    "errorPct" : 0.0,
    "meanResTime" : 169.26091778732848,
    "medianResTime" : 29.0,
    "minResTime" : 3.0,
    "maxResTime" : 3304.0,
    "pct1ResTime" : 592.9000000000015,
    "pct2ResTime" : 924.9500000000007,
    "pct3ResTime" : 1722.9100000000144,
    "throughput" : 8.047729256521324,
    "receivedKBytesPerSec" : 157.82665911080196,
    "sentKBytesPerSec" : 3.929354819079504
  },
  "Total" : {
    "transaction" : "Total",
    "sampleCount" : 145429,
    "errorCount" : 0,
    "errorPct" : 0.0,
    "meanResTime" : 179.80841510290213,
    "medianResTime" : 488.0,
    "minResTime" : 3.0,
    "maxResTime" : 19347.0,
    "pct1ResTime" : 1252.0,
    "pct2ResTime" : 1562.9500000000007,
    "pct3ResTime" : 1775.0,
    "throughput" : 53.82893953705979,
    "receivedKBytesPerSec" : 1274.7867606289105,
    "sentKBytesPerSec" : 33.837644395836975
  },
  "-120" : {
    "transaction" : "-120",
    "sampleCount" : 31997,
    "errorCount" : 0,
    "errorPct" : 0.0,
    "meanResTime" : 170.90430352845576,
    "medianResTime" : 76.0,
    "minResTime" : 3.0,
    "maxResTime" : 3366.0,
    "pct1ResTime" : 744.9000000000015,
    "pct2ResTime" : 1126.9500000000007,
    "pct3ResTime" : 1822.9900000000016,
    "throughput" : 11.857728016768398,
    "receivedKBytesPerSec" : 309.5872202495063,
    "sentKBytesPerSec" : 5.859356181040384
  },
  "Home Page" : {
    "transaction" : "Home Page",
    "sampleCount" : 14627,
    "errorCount" : 0,
    "errorPct" : 0.0,
    "meanResTime" : 170.69460586586487,
    "medianResTime" : 24.0,
    "minResTime" : 4.0,
    "maxResTime" : 3340.0,
    "pct1ResTime" : 547.2000000000007,
    "pct2ResTime" : 879.0,
    "pct3ResTime" : 1769.7199999999993,
    "throughput" : 5.413966530901101,
    "receivedKBytesPerSec" : 172.30535727108253,
    "sentKBytesPerSec" : 2.572246487857162
  },
  "-148" : {
    "transaction" : "-148",
    "sampleCount" : 53061,
    "errorCount" : 0,
    "errorPct" : 0.0,
    "meanResTime" : 175.70341682214894,
    "medianResTime" : 173.0,
    "minResTime" : 3.0,
    "maxResTime" : 3360.0,
    "pct1ResTime" : 910.0,
    "pct2ResTime" : 1223.9500000000007,
    "pct3ResTime" : 1765.0,
    "throughput" : 19.70002030853378,
    "receivedKBytesPerSec" : 521.6427497153742,
    "sentKBytesPerSec" : 9.981378516680657
  },
  "-137" : {
    "transaction" : "-137",
    "sampleCount" : 2907,
    "errorCount" : 0,
    "errorPct" : 0.0,
    "meanResTime" : 173.53009975920207,
    "medianResTime" : 22.0,
    "minResTime" : 3.0,
    "maxResTime" : 3158.0,
    "pct1ResTime" : 585.2000000000003,
    "pct2ResTime" : 951.1999999999998,
    "pct3ResTime" : 1732.6000000000022,
    "throughput" : 1.1022352587883073,
    "receivedKBytesPerSec" : 23.837997680120864,
    "sentKBytesPerSec" : 0.532728453732092
  },
  "-128" : {
    "transaction" : "-128",
    "sampleCount" : 10464,
    "errorCount" : 0,
    "errorPct" : 0.0,
    "meanResTime" : 170.51385703363948,
    "medianResTime" : 23.0,
    "minResTime" : 3.0,
    "maxResTime" : 3341.0,
    "pct1ResTime" : 558.5,
    "pct2ResTime" : 903.0,
    "pct3ResTime" : 1717.0,
    "throughput" : 3.890775693657931,
    "receivedKBytesPerSec" : 82.81956815884953,
    "sentKBytesPerSec" : 1.9338576440040631
  }
}