{
  "Large calendar" : {
    "transaction" : "Large calendar",
    "sampleCount" : 10222,
    "errorCount" : 0,
    "errorPct" : 0.0,
    "meanResTime" : 185.48288006260984,
    "medianResTime" : 27.0,
    "minResTime" : 5.0,
    "maxResTime" : 2351.0,
    "pct1ResTime" : 657.0,
    "pct2ResTime" : 902.8500000000004,
    "pct3ResTime" : 1450.3100000000013,
    "throughput" : 3.830985408750253,
    "receivedKBytesPerSec" : 103.16306680440087,
    "sentKBytesPerSec" : 0.8000956469763062
  },
  "Random Date" : {
    "transaction" : "Random Date",
    "sampleCount" : 10124,
    "errorCount" : 0,
    "errorPct" : 0.0,
    "meanResTime" : 185.34383642828922,
    "medianResTime" : 25.0,
    "minResTime" : 5.0,
    "maxResTime" : 2307.0,
    "pct1ResTime" : 657.0,
    "pct2ResTime" : 908.0,
    "pct3ResTime" : 1476.0,
    "throughput" : 3.7632861770231383,
    "receivedKBytesPerSec" : 126.9219350646113,
    "sentKBytesPerSec" : 0.7748064056853351
  },
  "Open Post" : {
    "transaction" : "Open Post",
    "sampleCount" : 30303,
    "errorCount" : 0,
    "errorPct" : 0.0,
    "meanResTime" : 187.77493977493938,
    "medianResTime" : 89.0,
    "minResTime" : 5.0,
    "maxResTime" : 2349.0,
    "pct1ResTime" : 803.0,
    "pct2ResTime" : 1031.0,
    "pct3ResTime" : 1530.9900000000016,
    "throughput" : 11.252464714204551,
    "receivedKBytesPerSec" : 302.2982172625844,
    "sentKBytesPerSec" : 2.5253330178174234
  },
  "Searh by name" : {
    "transaction" : "Searh by name",
    "sampleCount" : 10147,
    "errorCount" : 0,
    "errorPct" : 0.0,
    "meanResTime" : 186.9335764265303,
    "medianResTime" : 27.0,
    "minResTime" : 6.0,
    "maxResTime" : 2318.0,
    "pct1ResTime" : 651.0,
    "pct2ResTime" : 917.0,
    "pct3ResTime" : 1478.0,
    "throughput" : 3.786305641099122,
    "receivedKBytesPerSec" : 103.28834597059951,
    "sentKBytesPerSec" : 0.7579153715025555
  },
  "-160" : {
    "transaction" : "-160",
    "sampleCount" : 15077,
    "errorCount" : 0,
    "errorPct" : 0.0,
    "meanResTime" : 225.75140943158343,
    "medianResTime" : 60.0,
    "minResTime" : 5.0,
    "maxResTime" : 10802.0,
    "pct1ResTime" : 709.2000000000007,
    "pct2ResTime" : 960.0,
    "pct3ResTime" : 1528.2199999999993,
    "throughput" : 5.64126817594381,
    "receivedKBytesPerSec" : 13.46217955439706,
    "sentKBytesPerSec" : 12.915072002802674
  },
  "Post Comment" : {
    "transaction" : "Post Comment",
    "sampleCount" : 15077,
    "errorCount" : 0,
    "errorPct" : 0.0,
    "meanResTime" : 225.75140943158343,
    "medianResTime" : 60.0,
    "minResTime" : 5.0,
    "maxResTime" : 10802.0,
    "pct1ResTime" : 709.2000000000007,
    "pct2ResTime" : 960.0,
    "pct3ResTime" : 1528.2199999999993,
    "throughput" : 5.641266065186051,
    "receivedKBytesPerSec" : 13.462174517338184,
    "sentKBytesPerSec" : 12.915067170451582
  },
  "Open Contacts" : {
    "transaction" : "Open Contacts",
    "sampleCount" : 6794,
    "errorCount" : 0,
    "errorPct" : 0.0,
    "meanResTime" : 183.68943185163374,
    "medianResTime" : 25.0,
    "minResTime" : 4.0,
    "maxResTime" : 2246.0,
    "pct1ResTime" : 667.5,
    "pct2ResTime" : 912.25,
    "pct3ResTime" : 1388.0,
    "throughput" : 2.5700425490706387,
    "receivedKBytesPerSec" : 50.09106115350803,
    "sentKBytesPerSec" : 0.5018971571126702
  },
  "Predefined Date" : {
    "transaction" : "Predefined Date",
    "sampleCount" : 10193,
    "errorCount" : 0,
    "errorPct" : 0.0,
    "meanResTime" : 183.3877170607281,
    "medianResTime" : 27.0,
    "minResTime" : 5.0,
    "maxResTime" : 2244.0,
    "pct1ResTime" : 653.0,
    "pct2ResTime" : 882.2999999999993,
    "pct3ResTime" : 1415.0599999999995,
    "throughput" : 3.7818342099980966,
    "receivedKBytesPerSec" : 130.08321221375135,
    "sentKBytesPerSec" : 0.7786574065356758
  },
  "-111" : {
    "transaction" : "-111",
    "sampleCount" : 11005,
    "errorCount" : 0,
    "errorPct" : 0.0,
    "meanResTime" : 180.1170377101313,
    "medianResTime" : 27.0,
    "minResTime" : 6.0,
    "maxResTime" : 2260.0,
    "pct1ResTime" : 637.3999999999996,
    "pct2ResTime" : 885.6999999999989,
    "pct3ResTime" : 1408.8200000000015,
    "throughput" : 4.073824134437307,
    "receivedKBytesPerSec" : 135.71240974968748,
    "sentKBytesPerSec" : 0.7614857466592236
  },
  "-124" : {
    "transaction" : "-124",
    "sampleCount" : 10147,
    "errorCount" : 0,
    "errorPct" : 0.0,
    "meanResTime" : 186.93347787523433,
    "medianResTime" : 27.0,
    "minResTime" : 6.0,
    "maxResTime" : 2318.0,
    "pct1ResTime" : 651.0,
    "pct2ResTime" : 917.0,
    "pct3ResTime" : 1478.0,
    "throughput" : 3.7863070539419086,
    "receivedKBytesPerSec" : 103.2883845121776,
    "sentKBytesPerSec" : 0.7579156543152408
  },
  "Total" : {
    "transaction" : "Total",
    "sampleCount" : 103963,
    "errorCount" : 0,
    "errorPct" : 0.0,
    "meanResTime" : 192.78135490511042,
    "medianResTime" : 587.0,
    "minResTime" : 4.0,
    "maxResTime" : 10802.0,
    "pct1ResTime" : 1185.0,
    "pct2ResTime" : 1448.0,
    "pct3ResTime" : 1860.0,
    "throughput" : 38.481768511228644,
    "receivedKBytesPerSec" : 960.8095456697785,
    "sentKBytesPerSec" : 19.652045712345604
  },
  "-120" : {
    "transaction" : "-120",
    "sampleCount" : 20317,
    "errorCount" : 0,
    "errorPct" : 0.0,
    "meanResTime" : 184.3622089875474,
    "medianResTime" : 28.0,
    "minResTime" : 5.0,
    "maxResTime" : 2307.0,
    "pct1ResTime" : 661.0,
    "pct2ResTime" : 900.0,
    "pct3ResTime" : 1449.9700000000048,
    "throughput" : 7.538067854854442,
    "receivedKBytesPerSec" : 256.76729105706863,
    "sentKBytesPerSec" : 1.552011797454636
  },
  "Home Page" : {
    "transaction" : "Home Page",
    "sampleCount" : 11005,
    "errorCount" : 0,
    "errorPct" : 0.0,
    "meanResTime" : 180.1170377101313,
    "medianResTime" : 27.0,
    "minResTime" : 6.0,
    "maxResTime" : 2260.0,
    "pct1ResTime" : 637.3999999999996,
    "pct2ResTime" : 885.6999999999989,
    "pct3ResTime" : 1408.8200000000015,
    "throughput" : 4.073688414844735,
    "receivedKBytesPerSec" : 135.70788848604172,
    "sentKBytesPerSec" : 0.761460377735118
  },
  "-148" : {
    "transaction" : "-148",
    "sampleCount" : 30303,
    "errorCount" : 0,
    "errorPct" : 0.0,
    "meanResTime" : 187.77480777480739,
    "medianResTime" : 89.0,
    "minResTime" : 5.0,
    "maxResTime" : 2349.0,
    "pct1ResTime" : 803.0,
    "pct2ResTime" : 1031.0,
    "pct3ResTime" : 1530.9900000000016,
    "throughput" : 11.252464714204551,
    "receivedKBytesPerSec" : 302.2982172625844,
    "sentKBytesPerSec" : 2.5253330178174234
  },
  "-137" : {
    "transaction" : "-137",
    "sampleCount" : 6794,
    "errorCount" : 0,
    "errorPct" : 0.0,
    "meanResTime" : 183.6892846629378,
    "medianResTime" : 25.0,
    "minResTime" : 4.0,
    "maxResTime" : 2246.0,
    "pct1ResTime" : 667.5,
    "pct2ResTime" : 912.25,
    "pct3ResTime" : 1388.0,
    "throughput" : 2.5700425490706387,
    "receivedKBytesPerSec" : 50.09106115350803,
    "sentKBytesPerSec" : 0.5018971571126702
  },
  "-128" : {
    "transaction" : "-128",
    "sampleCount" : 10222,
    "errorCount" : 0,
    "errorPct" : 0.0,
    "meanResTime" : 185.48278223439618,
    "medianResTime" : 27.0,
    "minResTime" : 5.0,
    "maxResTime" : 2351.0,
    "pct1ResTime" : 657.0,
    "pct2ResTime" : 902.8500000000004,
    "pct3ResTime" : 1450.3100000000013,
    "throughput" : 3.8309868445215987,
    "receivedKBytesPerSec" : 103.16310546771057,
    "sentKBytesPerSec" : 0.8000959468350322
  }
}