{
  "Add User" : {
    "transaction" : "Add User",
    "sampleCount" : 58,
    "errorCount" : 2,
    "errorPct" : 3.4482758,
    "meanResTime" : 9.172413793103452,
    "medianResTime" : 5.0,
    "minResTime" : 4.0,
    "maxResTime" : 52.0,
    "pct1ResTime" : 22.0,
    "pct2ResTime" : 51.05,
    "pct3ResTime" : 52.0,
    "throughput" : 0.15494681050005077,
    "receivedKBytesPerSec" : 0.07299134334877458,
    "sentKBytesPerSec" : 0.20065444991210776
  },
  "Open Home Page" : {
    "transaction" : "Open Home Page",
    "sampleCount" : 104,
    "errorCount" : 0,
    "errorPct" : 0.0,
    "meanResTime" : 95.1538461538461,
    "medianResTime" : 66.0,
    "minResTime" : 56.0,
    "maxResTime" : 410.0,
    "pct1ResTime" : 161.0,
    "pct2ResTime" : 235.0,
    "pct3ResTime" : 410.0,
    "throughput" : 0.2664931044909213,
    "receivedKBytesPerSec" : 41.28777848048963,
    "sentKBytesPerSec" : 2.368509515597534
  },
  "Open Login Page" : {
    "transaction" : "Open Login Page",
    "sampleCount" : 104,
    "errorCount" : 0,
    "errorPct" : 0.0,
    "meanResTime" : 83.61538461538461,
    "medianResTime" : 60.0,
    "minResTime" : 53.0,
    "maxResTime" : 481.0,
    "pct1ResTime" : 121.5,
    "pct2ResTime" : 151.0,
    "pct3ResTime" : 481.0,
    "throughput" : 0.2664002664002664,
    "receivedKBytesPerSec" : 12.433595050782552,
    "sentKBytesPerSec" : 0.6868131868131868
  },
  "Delete User" : {
    "transaction" : "Delete User",
    "sampleCount" : 44,
    "errorCount" : 0,
    "errorPct" : 0.0,
    "meanResTime" : 9.90909090909091,
    "medianResTime" : 6.0,
    "minResTime" : 4.0,
    "maxResTime" : 55.0,
    "pct1ResTime" : 30.0,
    "pct2ResTime" : 51.25,
    "pct3ResTime" : 55.0,
    "throughput" : 0.13469910057736934,
    "receivedKBytesPerSec" : 0.023940660454180876,
    "sentKBytesPerSec" : 0.2099650930342197
  },
  "Total" : {
    "transaction" : "Total",
    "sampleCount" : 360,
    "errorCount" : 2,
    "errorPct" : 0.5555556,
    "meanResTime" : 75.28611111111114,
    "medianResTime" : 61.5,
    "minResTime" : 3.0,
    "maxResTime" : 2081.0,
    "pct1ResTime" : 138.20000000000027,
    "pct2ResTime" : 180.89999999999998,
    "pct3ResTime" : 459.86999999999955,
    "throughput" : 0.901352028042063,
    "receivedKBytesPerSec" : 147.80963926358288,
    "sentKBytesPerSec" : 7.601402103154733
  },
  "Log into Account" : {
    "transaction" : "Log into Account",
    "sampleCount" : 104,
    "errorCount" : 0,
    "errorPct" : 0.0,
    "meanResTime" : 102.78846153846156,
    "medianResTime" : 78.5,
    "minResTime" : 63.0,
    "maxResTime" : 315.0,
    "pct1ResTime" : 169.0,
    "pct2ResTime" : 224.0,
    "pct3ResTime" : 315.0,
    "throughput" : 0.26632931619948064,
    "receivedKBytesPerSec" : 44.731015993523584,
    "sentKBytesPerSec" : 6.576435473400359
  },
  "Open Users' Tab " : {
    "transaction" : "Open Users' Tab ",
    "sampleCount" : 102,
    "errorCount" : 0,
    "errorPct" : 0.0,
    "meanResTime" : 14.078431372549016,
    "medianResTime" : 4.0,
    "minResTime" : 3.0,
    "maxResTime" : 447.0,
    "pct1ResTime" : 8.0,
    "pct2ResTime" : 25.0,
    "pct3ResTime" : 447.0,
    "throughput" : 0.26230452526738346,
    "receivedKBytesPerSec" : 1.178110156971257,
    "sentKBytesPerSec" : 0.3014965099997171
  },
  "Log out" : {
    "transaction" : "Log out",
    "sampleCount" : 100,
    "errorCount" : 2,
    "errorPct" : 2.0,
    "meanResTime" : 152.52,
    "medianResTime" : 83.0,
    "minResTime" : 61.0,
    "maxResTime" : 2081.0,
    "pct1ResTime" : 192.70000000000007,
    "pct2ResTime" : 319.0,
    "pct3ResTime" : 2081.0,
    "throughput" : 0.2673346468375648,
    "receivedKBytesPerSec" : 40.71944222965116,
    "sentKBytesPerSec" : 2.690989510790963
  },
  "Open Admin Page" : {
    "transaction" : "Open Admin Page",
    "sampleCount" : 104,
    "errorCount" : 0,
    "errorPct" : 0.0,
    "meanResTime" : 69.88461538461537,
    "medianResTime" : 58.0,
    "minResTime" : 53.0,
    "maxResTime" : 427.0,
    "pct1ResTime" : 83.0,
    "pct2ResTime" : 91.0,
    "pct3ResTime" : 427.0,
    "throughput" : 0.26575220650990694,
    "receivedKBytesPerSec" : 163.3138641361009,
    "sentKBytesPerSec" : 2.6676434870266927
  }
}