{
  "Add User" : {
    "transaction" : "Add User",
    "sampleCount" : 68,
    "errorCount" : 2,
    "errorPct" : 2.9411764,
    "meanResTime" : 8.441176470588237,
    "medianResTime" : 6.0,
    "minResTime" : 4.0,
    "maxResTime" : 37.0,
    "pct1ResTime" : 20.300000000000004,
    "pct2ResTime" : 30.0,
    "pct3ResTime" : 37.0,
    "throughput" : 0.18157107038816156,
    "receivedKBytesPerSec" : 0.08573204348894152,
    "sentKBytesPerSec" : 0.235156857044824
  },
  "Open Home Page" : {
    "transaction" : "Open Home Page",
    "sampleCount" : 124,
    "errorCount" : 0,
    "errorPct" : 0.0,
    "meanResTime" : 129.90322580645156,
    "medianResTime" : 100.0,
    "minResTime" : 65.0,
    "maxResTime" : 713.0,
    "pct1ResTime" : 193.5,
    "pct2ResTime" : 247.0,
    "pct3ResTime" : 713.0,
    "throughput" : 0.31388829120733086,
    "receivedKBytesPerSec" : 52.96060021643104,
    "sentKBytesPerSec" : 7.282111452492754
  },
  "Open Login Page" : {
    "transaction" : "Open Login Page",
    "sampleCount" : 124,
    "errorCount" : 0,
    "errorPct" : 0.0,
    "meanResTime" : 75.93548387096776,
    "medianResTime" : 65.0,
    "minResTime" : 53.0,
    "maxResTime" : 145.0,
    "pct1ResTime" : 111.0,
    "pct2ResTime" : 132.5,
    "pct3ResTime" : 145.0,
    "throughput" : 0.3145858756015821,
    "receivedKBytesPerSec" : 14.623937281660913,
    "sentKBytesPerSec" : 1.9616030814193912
  },
  "Delete User" : {
    "transaction" : "Delete User",
    "sampleCount" : 54,
    "errorCount" : 0,
    "errorPct" : 0.0,
    "meanResTime" : 10.0,
    "medianResTime" : 6.0,
    "minResTime" : 4.0,
    "maxResTime" : 45.0,
    "pct1ResTime" : 34.0,
    "pct2ResTime" : 43.5,
    "pct3ResTime" : 45.0,
    "throughput" : 0.16123975455726253,
    "receivedKBytesPerSec" : 0.028657847001388456,
    "sentKBytesPerSec" : 0.2513889199922366
  },
  "Total" : {
    "transaction" : "Total",
    "sampleCount" : 370,
    "errorCount" : 1,
    "errorPct" : 0.27027026,
    "meanResTime" : 67.50270270270275,
    "medianResTime" : 64.0,
    "minResTime" : 3.0,
    "maxResTime" : 713.0,
    "pct1ResTime" : 135.80000000000007,
    "pct2ResTime" : 166.79999999999995,
    "pct3ResTime" : 347.34000000000094,
    "throughput" : 0.9250370014800592,
    "receivedKBytesPerSec" : 154.23426751523186,
    "sentKBytesPerSec" : 10.48869103201628
  },
  "Log into Account" : {
    "transaction" : "Log into Account",
    "sampleCount" : 124,
    "errorCount" : 0,
    "errorPct" : 0.0,
    "meanResTime" : 111.6612903225807,
    "medianResTime" : 90.5,
    "minResTime" : 68.0,
    "maxResTime" : 450.0,
    "pct1ResTime" : 159.0,
    "pct2ResTime" : 178.0,
    "pct3ResTime" : 450.0,
    "throughput" : 0.31493103264361744,
    "receivedKBytesPerSec" : 52.882524732562594,
    "sentKBytesPerSec" : 8.006916141040847
  },
  "Open Users' Tab " : {
    "transaction" : "Open Users' Tab ",
    "sampleCount" : 122,
    "errorCount" : 0,
    "errorPct" : 0.0,
    "meanResTime" : 5.0163934426229515,
    "medianResTime" : 4.0,
    "minResTime" : 3.0,
    "maxResTime" : 22.0,
    "pct1ResTime" : 8.100000000000009,
    "pct2ResTime" : 9.0,
    "pct3ResTime" : 22.0,
    "throughput" : 0.315420711764934,
    "receivedKBytesPerSec" : 1.4294167383042258,
    "sentKBytesPerSec" : 0.36254900170637433
  },
  "Open Admin Page" : {
    "transaction" : "Open Admin Page",
    "sampleCount" : 122,
    "errorCount" : 0,
    "errorPct" : 0.0,
    "meanResTime" : 70.83606557377048,
    "medianResTime" : 63.0,
    "minResTime" : 52.0,
    "maxResTime" : 256.0,
    "pct1ResTime" : 88.7,
    "pct2ResTime" : 104.94999999999996,
    "pct3ResTime" : 256.0,
    "throughput" : 0.314865524031724,
    "receivedKBytesPerSec" : 193.42127543281106,
    "sentKBytesPerSec" : 3.160647188986417
  }
}