{
  "Large calendar" : {
    "transaction" : "Large calendar",
    "sampleCount" : 6716,
    "errorCount" : 0,
    "errorPct" : 0.0,
    "meanResTime" : 1214.7100952948192,
    "medianResTime" : 18.0,
    "minResTime" : 5.0,
    "maxResTime" : 9440.0,
    "pct1ResTime" : 4707.900000000001,
    "pct2ResTime" : 5567.5999999999985,
    "pct3ResTime" : 6834.49,
    "throughput" : 2.494008215818607,
    "receivedKBytesPerSec" : 68.4823422356912,
    "sentKBytesPerSec" : 1.238516656027397
  },
  "Random Date" : {
    "transaction" : "Random Date",
    "sampleCount" : 6776,
    "errorCount" : 0,
    "errorPct" : 0.0,
    "meanResTime" : 1172.5125442739097,
    "medianResTime" : 16.0,
    "minResTime" : 4.0,
    "maxResTime" : 10328.0,
    "pct1ResTime" : 4648.6,
    "pct2ResTime" : 5548.5999999999985,
    "pct3ResTime" : 7149.299999999996,
    "throughput" : 2.5314705953775256,
    "receivedKBytesPerSec" : 86.41014595428427,
    "sentKBytesPerSec" : 1.249581385392675
  },
  "Open Post" : {
    "transaction" : "Open Post",
    "sampleCount" : 34570,
    "errorCount" : 1,
    "errorPct" : 0.0028926816,
    "meanResTime" : 1210.002863754701,
    "medianResTime" : 1002.0,
    "minResTime" : 5.0,
    "maxResTime" : 9540.0,
    "pct1ResTime" : 5384.9000000000015,
    "pct2ResTime" : 6136.0,
    "pct3ResTime" : 7495.990000000002,
    "throughput" : 12.823413765602686,
    "receivedKBytesPerSec" : 355.5392928163891,
    "sentKBytesPerSec" : 6.575493061093904
  },
  "Searh by name" : {
    "transaction" : "Searh by name",
    "sampleCount" : 14064,
    "errorCount" : 0,
    "errorPct" : 0.0,
    "meanResTime" : 1188.7447383390254,
    "medianResTime" : 15.0,
    "minResTime" : 4.0,
    "maxResTime" : 9095.0,
    "pct1ResTime" : 4691.0,
    "pct2ResTime" : 5552.0,
    "pct3ResTime" : 6978.700000000001,
    "throughput" : 5.20609109696974,
    "receivedKBytesPerSec" : 119.66562678665558,
    "sentKBytesPerSec" : 2.5386266809716336
  },
  "-160" : {
    "transaction" : "-160",
    "sampleCount" : 6890,
    "errorCount" : 0,
    "errorPct" : 0.0,
    "meanResTime" : 1331.4396226415095,
    "medianResTime" : 38.0,
    "minResTime" : 5.0,
    "maxResTime" : 10304.0,
    "pct1ResTime" : 5087.900000000001,
    "pct2ResTime" : 6043.9,
    "pct3ResTime" : 7494.250000000004,
    "throughput" : 2.5647859725191933,
    "receivedKBytesPerSec" : 6.057260225315889,
    "sentKBytesPerSec" : 5.941707154021912
  },
  "Post Comment" : {
    "transaction" : "Post Comment",
    "sampleCount" : 6890,
    "errorCount" : 0,
    "errorPct" : 0.0,
    "meanResTime" : 1331.4399129172714,
    "medianResTime" : 38.0,
    "minResTime" : 5.0,
    "maxResTime" : 10304.0,
    "pct1ResTime" : 5087.900000000001,
    "pct2ResTime" : 6043.9,
    "pct3ResTime" : 7494.250000000004,
    "throughput" : 2.5647850177841227,
    "receivedKBytesPerSec" : 6.057257970516139,
    "sentKBytesPerSec" : 5.941704942236499
  },
  "Open Contacts" : {
    "transaction" : "Open Contacts",
    "sampleCount" : 1862,
    "errorCount" : 0,
    "errorPct" : 0.0,
    "meanResTime" : 1138.332975295381,
    "medianResTime" : 15.0,
    "minResTime" : 4.0,
    "maxResTime" : 8711.0,
    "pct1ResTime" : 4643.1,
    "pct2ResTime" : 5629.199999999997,
    "pct3ResTime" : 6847.349999999994,
    "throughput" : 0.6936783992197422,
    "receivedKBytesPerSec" : 15.805004983834351,
    "sentKBytesPerSec" : 0.33474932078099545
  },
  "Predefined Date" : {
    "transaction" : "Predefined Date",
    "sampleCount" : 14239,
    "errorCount" : 0,
    "errorPct" : 0.0,
    "meanResTime" : 1221.014045930193,
    "medianResTime" : 17.0,
    "minResTime" : 4.0,
    "maxResTime" : 9465.0,
    "pct1ResTime" : 4738.0,
    "pct2ResTime" : 5644.0,
    "pct3ResTime" : 7065.000000000002,
    "throughput" : 5.305327384789185,
    "receivedKBytesPerSec" : 189.07488152877747,
    "sentKBytesPerSec" : 2.6182091860706
  },
  "-111" : {
    "transaction" : "-111",
    "sampleCount" : 9524,
    "errorCount" : 0,
    "errorPct" : 0.0,
    "meanResTime" : 1182.0131247375048,
    "medianResTime" : 17.0,
    "minResTime" : 5.0,
    "maxResTime" : 9580.0,
    "pct1ResTime" : 4604.5,
    "pct2ResTime" : 5496.75,
    "pct3ResTime" : 6857.75,
    "throughput" : 3.521173625951094,
    "receivedKBytesPerSec" : 120.3374969787284,
    "sentKBytesPerSec" : 1.6694323625673806
  },
  "-124" : {
    "transaction" : "-124",
    "sampleCount" : 14064,
    "errorCount" : 0,
    "errorPct" : 0.0,
    "meanResTime" : 1188.7443117178645,
    "medianResTime" : 15.0,
    "minResTime" : 4.0,
    "maxResTime" : 9095.0,
    "pct1ResTime" : 4691.0,
    "pct2ResTime" : 5552.0,
    "pct3ResTime" : 6978.700000000001,
    "throughput" : 5.20609109696974,
    "receivedKBytesPerSec" : 119.66562678665558,
    "sentKBytesPerSec" : 2.5386266809716336
  },
  "Total" : {
    "transaction" : "Total",
    "sampleCount" : 94844,
    "errorCount" : 1,
    "errorPct" : 0.001054363,
    "meanResTime" : 1219.8034772890178,
    "medianResTime" : 4607.0,
    "minResTime" : 4.0,
    "maxResTime" : 10328.0,
    "pct1ResTime" : 6327.0,
    "pct2ResTime" : 6835.0,
    "pct3ResTime" : 8059.980000000003,
    "throughput" : 35.063021311236625,
    "receivedKBytesPerSec" : 959.249586055264,
    "sentKBytesPerSec" : 22.104532142342876
  },
  "-120" : {
    "transaction" : "-120",
    "sampleCount" : 21015,
    "errorCount" : 0,
    "errorPct" : 0.0,
    "meanResTime" : 1205.3746847489883,
    "medianResTime" : 19.0,
    "minResTime" : 4.0,
    "maxResTime" : 10328.0,
    "pct1ResTime" : 4759.0,
    "pct2ResTime" : 5683.750000000004,
    "pct3ResTime" : 7134.960000000006,
    "throughput" : 7.830008886305589,
    "receivedKBytesPerSec" : 275.2532890362876,
    "sentKBytesPerSec" : 3.86443934712201
  },
  "Home Page" : {
    "transaction" : "Home Page",
    "sampleCount" : 9524,
    "errorCount" : 0,
    "errorPct" : 0.0,
    "meanResTime" : 1182.0131247375048,
    "medianResTime" : 17.0,
    "minResTime" : 5.0,
    "maxResTime" : 9580.0,
    "pct1ResTime" : 4604.5,
    "pct2ResTime" : 5496.75,
    "pct3ResTime" : 6857.75,
    "throughput" : 3.5210577665683624,
    "receivedKBytesPerSec" : 120.33353743864305,
    "sentKBytesPerSec" : 1.6693774321880281
  },
  "-148" : {
    "transaction" : "-148",
    "sampleCount" : 34570,
    "errorCount" : 1,
    "errorPct" : 0.0028926816,
    "meanResTime" : 1210.002458779289,
    "medianResTime" : 1002.0,
    "minResTime" : 5.0,
    "maxResTime" : 9540.0,
    "pct1ResTime" : 5384.9000000000015,
    "pct2ResTime" : 6136.0,
    "pct3ResTime" : 7495.990000000002,
    "throughput" : 12.823418522328216,
    "receivedKBytesPerSec" : 355.53942470036804,
    "sentKBytesPerSec" : 6.5754955002116215
  },
  "-137" : {
    "transaction" : "-137",
    "sampleCount" : 1862,
    "errorCount" : 0,
    "errorPct" : 0.0,
    "meanResTime" : 1138.332438238453,
    "medianResTime" : 15.0,
    "minResTime" : 4.0,
    "maxResTime" : 8711.0,
    "pct1ResTime" : 4643.1,
    "pct2ResTime" : 5629.199999999997,
    "pct3ResTime" : 6847.349999999994,
    "throughput" : 0.6936783992197422,
    "receivedKBytesPerSec" : 15.805004983834351,
    "sentKBytesPerSec" : 0.33474932078099545
  },
  "-128" : {
    "transaction" : "-128",
    "sampleCount" : 6716,
    "errorCount" : 0,
    "errorPct" : 0.0,
    "meanResTime" : 1214.7099463966654,
    "medianResTime" : 18.0,
    "minResTime" : 5.0,
    "maxResTime" : 9440.0,
    "pct1ResTime" : 4707.900000000001,
    "pct2ResTime" : 5567.5999999999985,
    "pct3ResTime" : 6834.49,
    "throughput" : 2.494008215818607,
    "receivedKBytesPerSec" : 68.4823422356912,
    "sentKBytesPerSec" : 1.238516656027397
  }
}