{
  "Large calendar" : {
    "transaction" : "Large calendar",
    "sampleCount" : 1514,
    "errorCount" : 54,
    "errorPct" : 3.5667107,
    "meanResTime" : 267.1651254953772,
    "medianResTime" : 141.0,
    "minResTime" : 3.0,
    "maxResTime" : 3486.0,
    "pct1ResTime" : 544.0,
    "pct2ResTime" : 827.0,
    "pct3ResTime" : 2324.0,
    "throughput" : 2.2008629010687413,
    "receivedKBytesPerSec" : 343.38060489114156,
    "sentKBytesPerSec" : 19.299380430382083
  },
  "Predefined Date" : {
    "transaction" : "Predefined Date",
    "sampleCount" : 732,
    "errorCount" : 20,
    "errorPct" : 2.7322404,
    "meanResTime" : 246.9590163934426,
    "medianResTime" : 138.0,
    "minResTime" : 4.0,
    "maxResTime" : 3384.0,
    "pct1ResTime" : 483.70000000000005,
    "pct2ResTime" : 800.35,
    "pct3ResTime" : 2096.5499999999975,
    "throughput" : 1.0658124635993012,
    "receivedKBytesPerSec" : 173.32367529894074,
    "sentKBytesPerSec" : 9.351768960214036
  },
  "Random Date" : {
    "transaction" : "Random Date",
    "sampleCount" : 716,
    "errorCount" : 18,
    "errorPct" : 2.5139666,
    "meanResTime" : 240.69972067039117,
    "medianResTime" : 139.0,
    "minResTime" : 60.0,
    "maxResTime" : 2763.0,
    "pct1ResTime" : 526.2000000000003,
    "pct2ResTime" : 804.1499999999991,
    "pct3ResTime" : 1517.9900000000061,
    "throughput" : 1.058426315198174,
    "receivedKBytesPerSec" : 170.62758156562464,
    "sentKBytesPerSec" : 9.37179722331243
  },
  "Open Post" : {
    "transaction" : "Open Post",
    "sampleCount" : 4322,
    "errorCount" : 226,
    "errorPct" : 5.2290606,
    "meanResTime" : 257.58630263766764,
    "medianResTime" : 144.0,
    "minResTime" : 2.0,
    "maxResTime" : 4385.0,
    "pct1ResTime" : 507.7000000000003,
    "pct2ResTime" : 813.0,
    "pct3ResTime" : 2180.0,
    "throughput" : 6.256396448821896,
    "receivedKBytesPerSec" : 1006.3976193177459,
    "sentKBytesPerSec" : 56.41808659687933
  },
  "Total" : {
    "transaction" : "Total",
    "sampleCount" : 7433,
    "errorCount" : 277,
    "errorPct" : 3.7266245,
    "meanResTime" : 263.3380869097269,
    "medianResTime" : 159.0,
    "minResTime" : 2.0,
    "maxResTime" : 9391.0,
    "pct1ResTime" : 492.0,
    "pct2ResTime" : 767.2999999999993,
    "pct3ResTime" : 2093.159999999996,
    "throughput" : 10.62104461467456,
    "receivedKBytesPerSec" : 1506.778214795463,
    "sentKBytesPerSec" : 85.63140054175115
  },
  "Open Random Date" : {
    "transaction" : "Open Random Date",
    "sampleCount" : 716,
    "errorCount" : 18,
    "errorPct" : 2.5139666,
    "meanResTime" : 240.69972067039117,
    "medianResTime" : 139.0,
    "minResTime" : 60.0,
    "maxResTime" : 2763.0,
    "pct1ResTime" : 526.2000000000003,
    "pct2ResTime" : 804.1499999999991,
    "pct3ResTime" : 1517.9900000000061,
    "throughput" : 1.058585930269348,
    "receivedKBytesPerSec" : 170.65331291147723,
    "sentKBytesPerSec" : 9.37321052914142
  },
  "Searh by name" : {
    "transaction" : "Searh by name",
    "sampleCount" : 1412,
    "errorCount" : 52,
    "errorPct" : 3.6827195,
    "meanResTime" : 272.0849858356937,
    "medianResTime" : 140.0,
    "minResTime" : 6.0,
    "maxResTime" : 4052.0,
    "pct1ResTime" : 537.0,
    "pct2ResTime" : 869.8999999999987,
    "pct3ResTime" : 2597.0499999999874,
    "throughput" : 2.108183244720957,
    "receivedKBytesPerSec" : 322.5041976800653,
    "sentKBytesPerSec" : 18.41044364417092
  },
  "Home Page" : {
    "transaction" : "Home Page",
    "sampleCount" : 1568,
    "errorCount" : 60,
    "errorPct" : 3.8265307,
    "meanResTime" : 266.8443877551019,
    "medianResTime" : 153.5,
    "minResTime" : 4.0,
    "maxResTime" : 3973.0,
    "pct1ResTime" : 537.5000000000007,
    "pct2ResTime" : 797.9499999999996,
    "pct3ResTime" : 2152.0,
    "throughput" : 2.2408451187304923,
    "receivedKBytesPerSec" : 375.42575766967826,
    "sentKBytesPerSec" : 19.25762559915454
  },
  "Open Predefined Date" : {
    "transaction" : "Open Predefined Date",
    "sampleCount" : 732,
    "errorCount" : 20,
    "errorPct" : 2.7322404,
    "meanResTime" : 246.9590163934426,
    "medianResTime" : 138.0,
    "minResTime" : 4.0,
    "maxResTime" : 3384.0,
    "pct1ResTime" : 483.70000000000005,
    "pct2ResTime" : 800.35,
    "pct3ResTime" : 2096.5499999999975,
    "throughput" : 1.0658140154543032,
    "receivedKBytesPerSec" : 173.32392766342483,
    "sentKBytesPerSec" : 9.351782576670905
  },
  "Post Comment" : {
    "transaction" : "Post Comment",
    "sampleCount" : 2136,
    "errorCount" : 40,
    "errorPct" : 1.8726592,
    "meanResTime" : 283.01779026217196,
    "medianResTime" : 249.0,
    "minResTime" : 2.0,
    "maxResTime" : 9391.0,
    "pct1ResTime" : 379.0,
    "pct2ResTime" : 454.3499999999988,
    "pct3ResTime" : 724.0,
    "throughput" : 3.142983686207805,
    "receivedKBytesPerSec" : 14.532776153273426,
    "sentKBytesPerSec" : 8.204292376204553
  },
  "Open Contacts" : {
    "transaction" : "Open Contacts",
    "sampleCount" : 1018,
    "errorCount" : 46,
    "errorPct" : 4.518664,
    "meanResTime" : 278.6404715127699,
    "medianResTime" : 149.0,
    "minResTime" : 2.0,
    "maxResTime" : 4059.0,
    "pct1ResTime" : 569.0,
    "pct2ResTime" : 816.4499999999996,
    "pct3ResTime" : 2724.119999999997,
    "throughput" : 1.5095346837094812,
    "receivedKBytesPerSec" : 326.28826952626855,
    "sentKBytesPerSec" : 15.864192503670038
  }
}