{
  "Open Home Page" : {
    "transaction" : "Open Home Page",
    "sampleCount" : 1096,
    "errorCount" : 6,
    "errorPct" : 0.54744524,
    "meanResTime" : 268.8521897810222,
    "medianResTime" : 178.0,
    "minResTime" : 69.0,
    "maxResTime" : 4435.0,
    "pct1ResTime" : 426.0,
    "pct2ResTime" : 601.9499999999982,
    "pct3ResTime" : 1877.94999999999,
    "throughput" : 0.9136287399592534,
    "receivedKBytesPerSec" : 136.90284923896226,
    "sentKBytesPerSec" : 8.668440816697398
  },
  "Open Post" : {
    "transaction" : "Open Post",
    "sampleCount" : 1086,
    "errorCount" : 2,
    "errorPct" : 0.18416207,
    "meanResTime" : 338.2633517495402,
    "medianResTime" : 191.0,
    "minResTime" : 74.0,
    "maxResTime" : 4488.0,
    "pct1ResTime" : 736.8000000000004,
    "pct2ResTime" : 1227.6999999999948,
    "pct3ResTime" : 2488.6899999999514,
    "throughput" : 0.9107857665822136,
    "receivedKBytesPerSec" : 140.03533127788023,
    "sentKBytesPerSec" : 23.238544075196018
  },
  "Edit Post" : {
    "transaction" : "Edit Post",
    "sampleCount" : 1084,
    "errorCount" : 0,
    "errorPct" : 0.0,
    "meanResTime" : 75.92988929889304,
    "medianResTime" : 23.0,
    "minResTime" : 0.0,
    "maxResTime" : 2506.0,
    "pct1ResTime" : 111.5,
    "pct2ResTime" : 397.75,
    "pct3ResTime" : 1054.0000000000018,
    "throughput" : 0.9112819904954297,
    "receivedKBytesPerSec" : 0.1616673045220267,
    "sentKBytesPerSec" : 1.7774422162941257
  },
  "Total" : {
    "transaction" : "Total",
    "sampleCount" : 3267,
    "errorCount" : 4,
    "errorPct" : 0.122436486,
    "meanResTime" : 307.29262320171375,
    "medianResTime" : 174.0,
    "minResTime" : 0.0,
    "maxResTime" : 5322.0,
    "pct1ResTime" : 592.8000000000011,
    "pct2ResTime" : 1108.6,
    "pct3ResTime" : 2814.000000000008,
    "throughput" : 2.7277668631849994,
    "receivedKBytesPerSec" : 346.41806826180215,
    "sentKBytesPerSec" : 44.141169182235615
  },
  "Log into Account" : {
    "transaction" : "Log into Account",
    "sampleCount" : 1092,
    "errorCount" : 0,
    "errorPct" : 0.0,
    "meanResTime" : 359.5274725274727,
    "medianResTime" : 207.0,
    "minResTime" : 0.0,
    "maxResTime" : 4551.0,
    "pct1ResTime" : 755.0,
    "pct2ResTime" : 1246.499999999999,
    "pct3ResTime" : 2465.5199999999595,
    "throughput" : 0.9120863976345891,
    "receivedKBytesPerSec" : 143.53509760347626,
    "sentKBytesPerSec" : 23.015486466959835
  },
  "Log out" : {
    "transaction" : "Log out",
    "sampleCount" : 1082,
    "errorCount" : 0,
    "errorPct" : 0.0,
    "meanResTime" : 446.0757855822547,
    "medianResTime" : 208.0,
    "minResTime" : 75.0,
    "maxResTime" : 4348.0,
    "pct1ResTime" : 1107.1000000000001,
    "pct2ResTime" : 1715.199999999999,
    "pct3ResTime" : 3222.0900000000056,
    "throughput" : 0.9142629241035027,
    "receivedKBytesPerSec" : 137.18976578719557,
    "sentKBytesPerSec" : 9.769399331582544
  },
  "Open Predefined Date" : {
    "transaction" : "Open Predefined Date",
    "sampleCount" : 1087,
    "errorCount" : 0,
    "errorPct" : 0.0,
    "meanResTime" : 357.1922723091083,
    "medianResTime" : 189.0,
    "minResTime" : 0.0,
    "maxResTime" : 5322.0,
    "pct1ResTime" : 650.4000000000003,
    "pct2ResTime" : 1107.7999999999997,
    "pct3ResTime" : 3775.7199999999993,
    "throughput" : 0.9097163057651074,
    "receivedKBytesPerSec" : 137.41392099758303,
    "sentKBytesPerSec" : 22.09002979802122
  }
}